商品高度,Высота товара
中,Средняя высота
1000%,1000%
12cm,12cm
14.5cm,14.5cm
15cm,15cm
20cm,20cm
26cm,26cm
27cm,27cm
28 см/70 см,28 см/70 см
28cm,28cm
28cm/1000cm,28cm/1000cm
28cm/70cm,28cm/70cm
28cm/7cm,28cm/7cm
32cm,32cm
400%,400%
55cm,55cm
5cm,5cm
6.5cm,6.5cm
6.5cm/26cm,6.5cm/26cm
7 см/28 см,7 см/28 см
7 см/28 см/70 см,7 см/28 см/70 см
7/28 см,7/28 см
7/28cm,7/28cm
70cm,70cm
7cm,7cm
7cm&28cm,7cm&28cm
7cm/28cm,7cm/28cm
7cm/28cm/70cm,7cm/28cm/70cm
7cm/70cm,7cm/70cm
7cm/8cm,7cm/8cm
7cm＋28cm,7cm＋28cm
8 см/32 см,8 см/32 см
8cm,8cm
8cm/32cm,8cm/32cm
